id;name;description;url;username;password;acct;warehouse;database;schema;valid;created_by;created_date;last_modified_by;last_modified_date
1;mobile Fish;Home Loan Account Table Computer;http://jadon.org;Savings Account alarm;Tasty Metal Bacon;red Chips Soap;Home Loan Account;web-readiness;Namibia;false;Gorgeous Frozen Pants;2019-07-07T04:00:38;Licensed Savings Account;2019-07-07T00:25:05
2;Planner Canyon;Credit Card Account Table Small Frozen Sausages;https://kelton.net;access Intelligent;Monitored Bahamian Dollar Investment Account;Games Regional Digitized;copy convergence;Mayotte;Industrial;true;Views e-enable Communications;2019-07-06T16:08:34;archive Georgia Aruba;2019-07-06T10:31:45
3;navigating;interactive generating compelling;http://lennie.name;Plastic;Car Industrial deliverables;orange Books;magenta monitor 1080p;Unbranded Plastic Tuna Frozen;generating Highway Ergonomic;false;Lempira;2019-07-06T17:36:55;New York tangible Mississippi;2019-07-07T00:24:25
4;Developer;synthesize Idaho compress;http://aliza.name;partnerships Grocery Intelligent;Dynamic;knowledge base Buckinghamshire;Concrete Investment Account Saint Lucia;User-centric;Money Market Account;true;JSON;2019-07-06T18:36:46;modular Refined Squares;2019-07-07T04:21:17
5;e-business;Ghana back-end National;http://sven.com;Profit-focused;Jewelery cutting-edge;Games;Iraq Bedfordshire;Concrete 24/7 Directives;sky blue;true;facilitate Tasty Concrete Chips Exclusive;2019-07-06T16:53:10;card Plastic;2019-07-06T09:39:06
6;mission-critical;Berkshire Small Plastic Pants Investor;http://marilyne.com;Berkshire Designer;Credit Card Account;navigate;Re-contextualized;web-enabled invoice withdrawal;bypassing optical;false;Bedfordshire;2019-07-06T16:53:52;HDD;2019-07-07T01:46:27
7;red firewall open-source;deposit Sausages;https://grady.info;Creative Metal;bandwidth azure;SMS Enhanced;Bacon Designer;Equatorial Guinea Vision-oriented;Agent;true;THX pink even-keeled;2019-07-06T16:47:20;programming SCSI drive;2019-07-06T12:17:27
8;bypassing Marketing;Dynamic Home Loan Account Tools;http://trisha.name;Home Gloves Latvia;Ports Manager Fish;Networked;Fish;payment calculating;local area network Benin;true;withdrawal Ergonomic;2019-07-06T19:26:26;Coordinator Cambridgeshire Investor;2019-07-06T23:10:19
9;dot-com payment Libyan Dinar;white sensor local;http://odell.name;Chips;Villages uniform PCI;Automotive Tactics architectures;Wisconsin Facilitator Incredible;reinvent;eco-centric Bedfordshire mesh;false;calculating Intranet Ergonomic Concrete Soap;2019-07-06T17:29:24;intuitive Open-architected system-worthy;2019-07-07T01:51:22
10;calculating Metal array;discrete redundant;https://deshaun.org;Senior Avon;Auto Loan Account olive;Yen;Unbranded Fresh Pants Tools California;North Dakota Garden;Towels Specialist;true;TCP Assimilated;2019-07-07T08:39:55;frame Brunei Darussalam interface;2019-07-06T13:43:43
