id;name;description;system;url;username;password;database;schema;valid;created_by;created_date;last_modified_by;last_modified_date
1;mobile Fish;Home Loan Account Table Computer;Trace;http://lazaro.com;deposit Tasty Metal Bacon Implementation;Chips;Money Market Account;Albania web-readiness;false;Investment Account Steel;2019-07-05T04:56:09;24/7 Common bluetooth;2019-07-05T07:09:18
2;Cambridgeshire Mississippi;HDD;Table Small Frozen Sausages Planner;https://gerhard.biz;Intelligent;Monitored Bahamian Dollar Investment Account;Games Regional Digitized;copy convergence;false;Georgia Industrial;2019-07-04T15:43:57;Views e-enable Communications;2019-07-04T18:29:34
3;archive Georgia Aruba;software scale interactive;Louisiana Specialist Home Loan Account;http://brooks.biz;Car Industrial deliverables;orange Books;magenta monitor 1080p;Unbranded Plastic Tuna Frozen;true;Investment Account archive Fantastic Plastic Chicken;2019-07-05T04:08:34;pixel withdrawal;2019-07-04T14:39:15
4;Junction Frozen;synthesizing hard drive Robust;Avon;https://mercedes.info;Grocery;red;withdrawal knowledge base Buckinghamshire;Concrete Investment Account Saint Lucia;false;Brand;2019-07-04T21:34:28;Chilean Peso Unidades de fomento;2019-07-04T14:48:58
5;Auto Loan Account modular Refined;digital maroon;EXE projection Fresh;http://emilio.org;contextually-based;synergies copying;ability Hat Iraq;magenta Concrete;false;Directives;2019-07-05T04:11:25;Mauritania;2019-07-04T19:04:30
6;robust Engineer;Exclusive Moroccan Dirham card;zero tolerance;http://dock.name;Berkshire Small Plastic Pants Investor;Canadian Dollar;Berkshire Designer;Credit Card Account;false;24/7 Re-contextualized cross-platform;2019-07-05T00:39:36;Orchestrator deliver;2019-07-04T16:21:11
7;optical;installation;Argentine Peso;https://lance.biz;red firewall open-source;deposit Sausages;disintermediate Cambridgeshire hacking;bricks-and-clicks Concrete Global;true;Enhanced deposit parsing;2019-07-04T22:37:21;Equatorial Guinea Vision-oriented;2019-07-05T09:42:46
8;Customer Human deposit;even-keeled Saint Helena Pound;Internal AI optical;https://rowena.com;Cheese Dynamic Home Loan Account;transform;invoice Home Gloves;Buckinghamshire Ports;true;Fish;2019-07-05T11:30:48;Bedfordshire;2019-07-05T07:39:20
9;world-class program alarm;Nevada;Berkshire;https://dimitri.biz;Wisconsin;target Human withdrawal;dot-com payment Libyan Dinar;white sensor local;false;deposit Chips Applications;2019-07-04T13:03:11;Human;2019-07-05T03:03:48
10;Automotive Tactics architectures;Wisconsin Facilitator Incredible;reinvent;https://domenick.biz;Pants Maryland;calculating Intranet Ergonomic Concrete Soap;Director Concrete Bedfordshire;portal calculating Metal;true;France protocol;2019-07-05T01:52:21;Synergistic Personal Loan Account Sleek;2019-07-05T11:49:22
